Position Title,Name,Organization
redsox

SVP / Assistant General Manager,Zack Scott,redsox

SVP / Major League & Minor League Operations,Raquel Ferreira,redsox

Senior Vice President / Player Personnel,Frank Wren,redsox

Vice President / Pitching Development & Major League Assistant Pitching Coach,Brian Bannister,redsox

Vice President / Special Assistant to the President of Baseball Operations,Tony La Russa,redsox

Senior Director - Team Travel,Jack McCormick,redsox

Assistant Director - Team Travel,Mark Cacciatore,redsox

Executive Assistant - Baseball Operations,Erin Mylett Cox,redsox

Special Assistant to General Manager,Jason Varitek,redsox

Coordinator - Major League Operations,Alex Gimenez,redsox

Medical Director ,Dr. Larry Ronan,redsox

Head Team Orthopedist,Dr. Pete Asnis,redsox

Director - Sports Medicine Services / Head Athletic Trainer,Brad Pearson,redsox

Sports Science Coordinator,Michael Cianciosi,redsox

Assistant Athletic Trainers,Paul Buchheit - Brandon Henry - Jon Jochim - Masai Takahashi,redsox

Senior Physical Therapist / Clinical Specialist ,James Creps,redsox

Head Strength & Conditioning Coach,Kiyoshi Momose,redsox

Coordinator of Athletic Performance / Major League Strength/Conditioning Coach,Mike Roose,redsox

Massage Therapists,Russel Nua - Shinichiro Uchikubo,redsox

Sports Medicine Administrative Manager,Elana Webb,redsox

Home Clubhouse Manager,Tom McLaughlin,redsox

Equipment Manager,Edward "Pookie" Jackson,redsox

Visiting Clubhouse Manager,Joe Cochran,redsox

Video Coordinator,Billy Broadbent,redsox

Clubhouse Assistants,John Coyne,redsox

Baseball Consultant,Bill James,redsox

Instructors,Jim Rice - Luis Tiant,redsox

Ambassador for the Red Sox in the Dominican Republic,Jesus Alou,redsox

redsox

Director - Baseball Systems,Mike Ganley,redsox

Director - Baseball Analytics,Joe McDonald,redsox

Assistant Director - Baseball Systems,Ethan Faggett,redsox

Senior Analyst - Baseball Analytics,Greg Rybarczyk,redsox

Senior Developers - Baseball Systems,Eric Edvalson - Fred Hubert,redsox

Data Architect - Baseball Systems,Bill Letson,redsox

Developer - Baseball Systems,Connor McCann,redsox

Analysts - Baseball Analytics,Brad Alberts - Spencer Bingol - Dan Meyer - Dave Miller,redsox

Analyst - Major League Clubhouse,Jeb Clarke,redsox

Assistant - Baseball Analytics,Kayla Mei,redsox

redsox

Vice President / Player Development,Ben Crockett,redsox

Director - Minor League Operations,Brian Abraham,redsox

Director - Baseball Administration and Special Projects,Mike Regan,redsox

Pitching Coordinator - Performance,Dave Bush,redsox

Minor League Equipment Manager,Mike Stelmach,redsox

Coordinator - Florida Baseball Operations/ Minor League Video,Patrick McLaughlin,redsox

Minor League Clubhouse Assistant,RJ Warner,redsox

Player Development Consultants,Dick Berardino - Dwight Evans - Tommy Harper - Carl Yastrzemski,redsox

redsox

Vice President / Professional Scouting,Gus Quattlebaum,redsox

Vice President / Amateur Scouting,Michael Rikard,redsox

Co-Director - International Scouting,Rolando Pino,redsox

Co-Director - International Scouting,Todd Claus,redsox

Special Assistant - International Scouting,Chris Becerra,redsox

International Scouting Crosschecker,Mike Silvestri,redsox

Director - Professional Scouting,Harrison Slutsky,redsox

Assistant Director - Amateur Scouting,Paul Toboni,redsox

Coordinator - Player Personnel,Marcus Cuellar,redsox

Assistant - Amateur Scouting,Devin Pearson,redsox

Assistant - International Scouting,James Kang,redsox

Manager - Advance Scouting,Steve Langone,redsox

Advance Scouting Assistant,JT Watkins,redsox

Special Assistant - Player Personnel,Mark Wasinger,redsox

Special Assignment Scouts,Eddie Bane - Steve Peck - Brad Sloan,redsox

Global Crosschecker,Paul Fryer,redsox

National Crosschecker,John Booher,redsox

National Scouting Supervisors,Quincy Boyd - Fred Petersen - Dan Madsen - Jim Robinson,redsox

Florida Crosschecker,Tom Kotchman,redsox

rays

Rob Metzler, Director - Amateur Scouting,rays

Peter Bendix, Director - Baseball Development,rays

Will Cousins,Director - Baseball Research & Development,rays

Joe Myers, Director - Baseball Performance Science,rays

Brian Plexico, Director - Baseball Systems,rays

Sanford Sternberg, Director - Development Strategy,rays

Carlos Rodriguez, Director - International Scouting,rays

Mitch Lukevics, Director - Minor League Operations,rays

Kevin Ibach, Director - Pro Scouting,rays

Chanda Lawdermilk, Director - Staff Development and Recruiting,rays

Chris Westmoreland, Director - Team Travel and Logistics,rays

Ryan Bristow, Assistant Director - Pro Scouting,rays

Cole Figueroa, Assistant Director - Hitting Development,rays

Anirudh Kilambi,Assistant Director - Baseball Research & Development,rays

Jeff McLerran, Assistant Director - Minor League Operations,rays

Hamilton Marx, Assistant Director - Amateur Scouting,rays

Patrick Walters, Assistant Director - International Operations,rays

R.J. Harrison, Senior Advisor - Scouting/Baseball Operations,rays

Tom Foley, Special Assistant - Baseball Operations,rays

Bobby Heck, Special Assistant - General Manager,rays

Fred Repke, Special Assignment Scout,rays

Mike Brown, Pro/International Crosschecker,rays

Jason Cole, Pro Crosschecker,rays

Chuck Ricci , National Crosschecker,rays

Michael Johns,Field Coordinator,rays

Samantha Bireley, Coordinator - Baseball Administration,rays

Jeff Johnson, Coordinator - Amateur Scouting,rays

Ryan Pennell, Coordinator - Baseball Performance Science,rays

Simon Rosenbaum, Coordinator - Baseball Development,rays

Jeremy Sowers , Coordinator - Major League Operations,rays

Clayton Elger, Database Architect - Baseball Systems,rays

Michael Topol, Data Technician - Baseball Research and Development,rays

Michael Vanger,Lead Analytics Developer - Baseball Systems,rays

Brandon Cordell,Developer - Baseball Systems,rays

Ryan Kelley, Developer - Baseball Systems,rays

Daniel Nolan,Developer - Baseball Systems,rays

Nick Siefken, Developer - Baseball Systems,rays

Mike McNally ,Biomechanist,rays

Jeff Sullivan, Analyst - Baseball Development,rays

Winston Doom, Analyst - Baseball Performance Science,rays

Michael McClellan,Analyst - Baseball Research and Development,rays

David Marshall,Analyst - Baseball Research and Development,rays

Taylor Smith,Analyst - Baseball Research and Development,rays

Keegan Henderson, Junior Analyst - Baseball Research & Development,rays

Salem Marrero, Junior Analyst - Baseball Research & Development,rays

Jason Pellettiere,Junior Analyst - Baseball Research and Development,rays

Brad Ballew,Assistant - Baseball Development,rays

Tyler Chamberlain-Simon,Assistant - Baseball Operations,rays

George Pappas,Assistant - International and Minor League Operations,rays

Vishnu Sarpeshkar,Assistant - Performance Science,rays

Danielle Dockx,Fellow - Baseball Operations,rays

Mark Watson,Fellow - Baseball Operations,rays

Jay Shindo, Consultant - Pacific Rim Operations,rays

Giovanna Rodriguez, Administrator - International and Minor League Operations,rays

Sydney Malone, Administrator - Amateur Scouting,rays

Dr. James Andrews, Medical Director,rays

Dr. Koco Eaton, Orthopedic Team Physician,rays

Dr. Christopher Williams, Team Chiropractor,rays

Ray Allen, Massage Therapist,rays

Joe Benge, Head Athletic Trainer,rays

Mark Vinson, First Assistant Athletic Trainer,rays

Mike Sandoval , Assistant Athletic Trainer,rays

Paul Harker, Major League Medical Coordinator,rays

Trung Cao, Major League Strength and Conditioning Coach,rays

Joe Greany, Major League Strength and Conditioning Assistant,rays

Ryan Harmon, Lead Sport Dietitian,rays

Kate Martinez,Assistant - Dietitian,rays

Brett Ebers, Video Coordinator,rays

Chris Fernandez , Video Coordinator,rays

Ryan Denlinger, Home Clubhouse Manager,rays

Tyler Wall, Home Equipment Manager,rays

Ryan Riddle, Assistant Home Clubhouse Manager,rays

Guy Gallagher, Visitor Clubhouse Manager,rays

orioles

Director - Team Travel,Kevin Buck,orioles

Manager - Major League Video Operations,Mike Silverman,orioles

Manager - Advance Scouting Operations,Bill Wilkes,orioles

Coordinator - Major League Video/Advance Scouting,Ben Sussman-Hyde,orioles

Major League Video/Advance Scouting Assistant,Ryan Klimek,orioles

Baseball Operations Assistant,Chad Tatum,orioles

twins

Special Assistant to Baseball Operations,Michael Cuddyer,twins

Special Assistant to Baseball Operations,LaTroy Hawkins,twins

Special Assistant to Baseball Operations,Torii Hunter,twins

Special Assistant to Baseball Operations,Justin Morneau,twins

Director - Baseball Operations,Daniel Adler,twins

Director - Professional Scouting,Brad Steil,twins

Director - Minor League Operations,Jeremy Zoll,twins

Director - Baseball Video and Technology,Sean Harlin,twins

Director - Baseball Administration,Kate Townley,twins

Director - Scouting,Sean Johnson,twins

Director - Team Travel,Mike Herman,twins

Senior Advisor - Scouting,Deron Johnson,twins

Assistant Director - Player Development,Alex Hassan,twins

Assistant Director - Baseball Operations,Nick Beauchamp,twins

Analyst - Player Development,Rachel Heacock,twins

Minor League Field Coordinator , Edgar Varela,twins

Pro Scouting Coordinator,Vern Followell,twins

Senior Manager - International Administration and Education,Amanda Daley,twins

Senior Manager - Minor League Operations,Brian Maloney,twins

Manager - Florida Operations,Victor Gonzalez,twins

Assistant Manager - Florida Operations,Jason Davila,twins

Coordinator - Amateur Scouting,Brittany Minder,twins

Coordinator - Major League Video,David Jeffrey,twins

Coordinator - Amateur Scouting R&D,Ezra Wise,twins

Coordinator - Professional Scouting R&D,Zane MacPhee,twins

Assistant - Florida and Latin American Operations,Rafael Yanez,twins

Assistant - Florida Operations , Brad McKenney,twins

Advance Scout,Frankie Padulo,twins

Analyst - Advance Scouting,Josh Ruffin ,twins

Assistant Advance Scout/Replay Coordinator,Corey Baker,twins

Senior Analyst - Baseball Research and Development,Josh Kalk,twins

Analyst - Baseball Research,Heather Hunt,twins

Analyst - Baseball Research,Andrew Ettel,twins

Analyst - Baseball Research,Kevin Wright,twins

indians

 Carter Hawkins,Assistant General Manager,indians

 Matt Forman,Assistant General Manager,indians

 Mike Seghi,Director - Team Travel,indians

 Wendy Hoppel,Director - Baseball Administration,indians

 Keith Woolner,Principal Data Scientist - Baseball Analytics,indians

 Paul Gillispie,Senior Director - International Scouting,indians

 John Mirabelli,Senior Director - Scouting Operations,indians

 Scott Barnsby,Director - Amateur Scouting,indians

 Josh Gibson,Director - Learning and Development,indians

 James Harris,Director - Player Development,indians

 Alex Merberg,Director - Baseball Operations,indians

 Victor Wang,Director - Pro Scouting,indians

 Matt Blake,Assistant Director - Player Development,indians

 Richard Conway,Assistant Director - International Scouting,indians

 Alex Eckelman,Assistant Director - Player Development,indians

 Chris Gale ,Assistant Director - International Scouting,indians

 Sam Giller,Assistant Director - Baseball Operations,indians

 Clint Longenecker,Assistant Director - Amateur Scouting,indians

 Kevin Tenenbaum,Assistant Director - Baseball Research and Development,indians

 Anna Bolton,Education and Language Coordinator,indians

 Dan Budreika,Coordinator - Professional Scouting,indians

 Rob Cerfolio,Assistant - Player Development,indians

 Will Clements ,Assistant - Amateur Scouting,indians

 Nate Freiman,Assistant - Baseball Operations,indians

 Zach Morton,Assistant - Baseball Operations,indians

 Steve Lubratich,Special Assistant to President of Baseball Operations/ GM,indians

 Dave Malpass,Special Assistant to President of Baseball Operations/ GM,indians

 Don Poplin,Special Assistant to President of Baseball Operations/ GM,indians

 Tom Wiedenbauer,Special Assistant to President of Baseball Operations/ GM,indians

 Tim Belcher,Special Assistant to Baseball Operations,indians

 Travis Hafner,Special Assistant to Baseball Operations,indians

 Johnny Goryl,Advisor - Player Development ,indians

 Minnie Mendoza,Advisor - Latin American Operations,indians

 Tim Tolman ,Advisor - Player Development ,indians

 Travis Fryman ,Special Assistant to Player Development - Infield,indians

 Dave Wallace ,Special Assistant to Player Development - Catching,indians

 Marlene Lehky,Executive Administrative Assistant,indians

 Nilda Taffanelli,Administrative Assistant - Player Development,indians

 Dr. Charles Maher,Sports & Performance Psychologist; Sr. Director - Personal & Org. Performance ,indians

 Ceci Clark,Performance Coach,indians

 Brian Miles,Performance Coach,indians

 Oscar Gutierrez Ramirez,Performance Coach,indians

 Kai Correa,Short-Season Defensive Coordinator,indians

 Kyle Burris,Analyst - Baseball Research & Development,indians

royals

Senior Vice President - Baseball Operations/General Manager,Dayton Moore,royals

Vice President/Assistant General Manager of Major League and International Operations,Rene Francisco,royals

Vice President/Assistant General Manager of Player Personnel,J.J. Picollo,royals

Vice President/Assistant General Manager,Scott Sharp,royals

Senior Advisor to the General Manager/Scouting & Player Development,Mike Arbuckle,royals

Special Assistant to the General Manager/Infield Coordinator,Rafael Belliard,royals

Special Assistant to Baseball Operations,Blaine Boyer ,royals

Senior Coordinator/Player Development,Chino Cadahia,royals

Director - Professional Scouting,Michael Cifuentes,royals

Special Assistant to the General Manager,Tim Conroy,royals

Coordinator - Pacific Rim,Phil Dale,royals

Director - Professional Development,Jeff Diskin ,royals

Coordinator - Sports Science,Austin Driggers,royals

Coordinator - Latin American Scouting,Orlando Estevez,royals

Special Assistant to the General Manager,Jim Fregosi - Jr.,royals

Assistant General Manager/Amateur Scouting,Lonnie Goldberg,royals

Assistant General Manager/International Operations,Albert Gonzalez,royals

Special Assistant to the General Manager,Pat Jones,royals

Baseball Operations Coordinator,Kevin Kuntz,royals

Senior Advisor to the General Manager/Baseball Operations,Gene Lamont,royals

Manager - Arizona Operations,Nick Leto,royals

Assistant to Baseball Operations/Administration,Kristin Lock,royals

Assistant General Manager/Research & Development,Dr. Daniel Mack,royals

Director - Behavioral Science,Ryan Maid,royals

Director - Leadership Development,Matt Marasco,royals

Special Advisor to Player Development,Mike Matheny ,royals

Special Assistant to the General Manager/Player Personnel,Luis Medina,royals

Coordinator of Scouting Operations,Jack Monahan,royals

Assistant Director of Scouting,Danny Ontiveros,royals

Supervisor Regional Scouting,Marshall "Buddy" Gouldsmith ,royals

Executive Assistant to the General Manager,Emily Penning,royals

Assistant to Player Development/Video Coordinator,Nick Relic,royals

Developer - Baseball Systems,Joseph San Diego,royals

Special Assistant to Baseball Operations,Reggie Sanders,royals

Analyst - Research & Development/Performance Science,Pravin Santhanam ,royals

Analyst - Research & Development/Player Development,Daniel Schoenfeld ,royals

Developer - Baseball Systems,Jennifer Segelke,royals

Sr. Director - Research & Development/Strategy,Guy Stevens,royals

Senior Advisor to the General Manager,Art Stewart,royals

Special Assistant to Baseball Operations,Mike Sweeney,royals

Sr. Developer - Baseball Systems,Paul Turner,royals

Senior Director - Baseball Operations/Administration,Kyle Vena,royals

Senior Director - Professional Scouting/Assistant to the General Manager,Gene Watson,royals

Senior Advisor to the General Manager,Donnie Williams,royals

Senior Director - Quantitative Analysis/Player Personnel,John Williams,royals

Assistant General Manager/Baseball Administration,Jin Wong,royals

Director - Baseball Operations/Player Development & Scouting,Alec Zumwalt,royals

tigers

Vice President - Assistant General Manager,David Chadd,tigers

Vice President - Player Personnel,Scott Bream,tigers

Vice President - Player Development,Dave Littlefield,tigers

Senior Advisor,John Westhoff,tigers

Special Assistant to the General Manager,Al Kaline,tigers

Special Assistant to the General Manager,Willie Horton,tigers

Special Assistant to the General Manager,Kirk Gibson,tigers

Special Assistant to the General Manager,Jim Leyland,tigers

Special Assistant to the General Manager,Dick Egan,tigers

Special Assistant to the General Manager,Alan Trammell,tigers

Special Assistant to the General Manager,Mike Russell,tigers

Senior Director - Baseball Analytics and Operations,Jay Sartori,tigers

Director - Baseball Operations and Professional Scouting,Sam Menzin,tigers

Director - Latin American Player Development,Rafael Martinez,tigers

Director - Latin American Player Development,Manny Crespo,tigers

Director - Latin American Operations,Miguel Garcia,tigers

Director - International Operations,Tom Moore,tigers

Director - Minor League Operations,Dan Lunetta,tigers

Director - Dominican Republic Operations,Ramon Perez,tigers

Director - Player Development,Dave Owen,tigers

Associate Counsel - Baseball Operations,Alan Avila,tigers

Director - Baseball Analytics,Jim Logue,tigers

Senior Software Developer,Josh Kragness,tigers

Senior Database Architect,Mike Burger,tigers

Software Developer,Dan Gorman,tigers

Senior Analyst - Baseball Operations,Drew Jordan,tigers

Senior Analyst - Baseball Operations,Maggie O'Hara,tigers

Senior Analyst - Baseball Operations,Shane Piesik,tigers

Senior Analyst - Baseball Operations,Danny Vargovick,tigers

Analyst - Baseball Operations ,Beau Horan,tigers

Analyst - Baseball Operations ,Aidan Kearns,tigers

Analyst - Baseball Operations ,Zach Wolf,tigers

Director - Amateur Scouting,Scott Pleis,tigers

Assistant Director - Amateur and International Scouting,Eric Nieto,tigers

Amateur Scouting Video Coordinator,Sam Nasci ,tigers

International Operations Coordinator,Rafael Gonzalez,tigers

Major League Scout,Ray Crone,tigers

Major League Scout,Jim Elliott,tigers

Major League Scout,Kevin Ellis,tigers

Major League Scout,Joe Ferrone,tigers

Major League Scout,Randy Johnson,tigers

Major League Scout,P.J. Jones,tigers

Major League Scout,Paul Mirocke,tigers

Major League Scout,Yadalla Mufdi,tigers

Major League Scout,Jim Olander,tigers

Major League Scout,Gary Pellant,tigers

Major League Scout,Jimmy Rough,tigers

Major League Scout,John Stockstill,tigers

Major League Scout,Bruce Tanner,tigers

Major League Scout,Josh Wilson,tigers

Senior Advisor,Murray Cook,tigers

Senior Advisor,Scott Reid,tigers

Director - Team Travel,Brian Britten,tigers

Director - Minor League and Scouting Administration,Cheryl Evans,tigers

Player Development Coordinator ,David Allende,tigers

Player Development Coordinator ,Jim McKew,tigers

Minor League Clubhouse Manager,Patrick Saenz,tigers

Assistant Clubhouse Manager,Pete Mancuso,tigers

Coordinator International Player Programs,Sharon Lockwood,tigers

Minor League Trackman & Analytics Coordinator,Adam Daily,tigers

Minor League Video Coordinator,Alex Gonzalez,tigers

Minor League Video Coordinator,Austin Tripp,tigers

rangers

Assistant General Manager,Josh Boyd,rangers

Assistant General Manager,Mike Daly,rangers

Assistant General Manager,Shiraz Rehman,rangers

Special Assistant to the GM,Mike Anderson,rangers

Special Assistant to the GM,Scot Engler,rangers

Special Assistant to the GM,Scott Littlefield,rangers

Special Assistant to the GM,Greg Smith,rangers

Special Assistant - Baseball Operations ,Steve Buechele,rangers

Special Assistant to the GM,Bobby Jones,rangers

Special Assistant to the GM,Colby Lewis,rangers

Special Assistant to the GM,Brandon McCarthy,rangers

Special Assistant to the GM,Darren Oliver,rangers

Special Assistant to the GM,Ivan Rodriguez,rangers

Special Assistant to the GM,Michael Young,rangers

Senior Director - Amateur Scouting,Kip Fagg,rangers

Senior Director - Medical Operations / Sport Science ,Jamie Reed,rangers

Senior Director - Baseball Systems,Todd Slavinsky,rangers

Director - Player Development,Matt Blood,rangers

Director - Pro Scouting,Ross Fenstermaker,rangers

Director - Peak Performance,Josiah Igono ,rangers

Director - Minor League Operations ,Paul Kruger,rangers

Director - Baseball Analytics,Ryan Murray,rangers

Director - International Scouting,Rafic Saab,rangers

Director - Travel,Josh Shelton,rangers

Director - Pitching Analysis,Todd Walther,rangers

Assistant Director - Baseball Operations,Ben Baroody,rangers

Assistant Director - Amateur Scouting ,Adam Lewkowicz,rangers

Assistant Director - Pro Scouting,Mike Parnell,rangers

Assistant Director - International Scouting ,Hamilton Wise,rangers

Special Assignment Scout,Curtis Jung,rangers

Coordinator - Pacific Rim Operations,Joe Furukawa,rangers

International Scout,Hajime Watabe ,rangers

Assistant - Internal Scouting,Jonny Clum,rangers

Assistant - Player Development,Casey Fox,rangers

Run Production Coordinator,Alex Burg,rangers

Run Prevention Coordinator ,Brett Hayes,rangers

Video Coordinator - Baseball Operations,Adam Brenner,rangers

Senior Developer - Baseball Systems,Bradley Ankrom,rangers

Senior Developer - Baseball Systems,Kim Eskew,rangers

Developer - Baseball Systems,Alexander Booth,rangers

Analyst - Baseball Analytics,Bobby Bandelow,rangers

Analyst - Baseball Analytics,Vinesh Kanthan,rangers

Analyst - Baseball Analytics,Andrew Koo,rangers

Analyst - Baseball Analytics,RJ Walsh,rangers

Head Athletic Trainer,Matt Lucero,rangers

Major League - Assistant Athletic Trainer,Jacob Newburn,rangers

Physical Therapist,Regan Wong,rangers

Head Strength & Conditioning Coach,Jose Vazquez,rangers

Assistant Strength & Conditioning Coach,Eric McMahon,rangers

Massage Therapist,Raul Cardenas,rangers

Performance Dietitian ,Stephanie Fernandes,rangers

Team Physician,Dr. Keith Meister,rangers

Team Physician - Internal Medicine,Dr. David Hunter,rangers

Assistant - Team Physician,Dr. Shane Seroyer,rangers

Manager - Clubhouse and Equipment ,Brandon Boyd,rangers

Assistant Manager - Clubhouse ,Dave Bales,rangers

Manager - Visiting Clubhouse ,Kelly Terrell,rangers

athletics

General Manager,David Forst,athletics

Manager,Bob Melvin,athletics

Assistant General Manager - Major League and International Operations,Dan Feinstein,athletics

Assistant General Manager,Dan Kantrovitz,athletics

Assistant General Manager/Director of Player Personnel,Billy Owens,athletics

Special Assistant to General Manager,Grady Fuson,athletics

Special Assistant to General Manager,Chris Pittaro,athletics

Director of Scouting,Eric Kubota,athletics

Director of Player Development,Keith Lieppman,athletics

Director of Minor League Operations,Zak Basch,athletics

Special Assistant to Baseball Operations,Scott Hatteberg,athletics

Special Assistant to Professional and International Scouting,Steve Sharpe,athletics

Director of Baseball Administration,Pamela Pitts,athletics

Director of Team Travel,Mickey Morabito,athletics

Director - Baseball Systems,Rob Naberhaus,athletics

Research Scientist,David Jackson-Hanen,athletics

Baseball Operations Analyst,Pike Goldschmidt,athletics

Baseball Operations Analyst,Ben Lowry,athletics

Scouting Coordinator,Haley Alvarez,athletics

Scouting Assistant,Greg Ledford,athletics

Video Coordinator,Adam Rhoden,athletics

Minor League Technology & Development Manager,Ed Gitlitz,athletics

Minor League Video Assistant,Taylor Schmid,athletics

Executive Assistant,Betty Shinoda,athletics

Player Development Coordinator,Nancy Moriuchi,athletics

athletics

Equipment Manager,Steve Vucinich,athletics

Visiting Clubhouse Manager,Mike Thalblum,athletics

Assistant Equipment Manager,Brian Davis,athletics

Umpire & Clubhouse Assistant,Matt Weiss,athletics

Senior Facility Manager - Arizona,James Gibson,athletics

Merchandise and Minor League Equipment Coordinator,Thomas Miller,athletics

Arizona Clubhouse Manager,Chad Yaconetti,athletics

athletics

Head Trainer,Nick Paparesta,athletics

Assistant Trainers,athletics

Strength & Conditioning Coach,Josh Cuffe,athletics

Major League Massage Therapist,Ozzie Lyles,athletics

Senior Coordinator of Medical Services,Larry Davis,athletics

Team Physician,Dr. Allan Pont,athletics

Team Orthopedist,Dr. Jon Dickinson,athletics

Team Orthopedist,Dr. Will Workman,athletics

Arizona Team Physician,Dr. Fred Dicke,athletics

Internal Medicine Consultant,Dr. Elliott Schwartz,athletics

mariners

Vice President - Scouting,Tom Allison,mariners

Special Assistant to the GM,Roger Hansen,mariners

Special Assistant to the GM,Tom McNamara,mariners

Manager,Scott Servais,mariners

Assistant General Manager,Justin Hollander,mariners

Assistant General Manager,Joe Bohringer,mariners

Director - Amateur Scouting,Scott Hunter,mariners

Director - Player Development,Andy McKay,mariners

Director - International Amateur Scouting,Frankie Thon,mariners

Director - Dominican Republic Administration,Martin Valerio,mariners

Manager - Baseball Operations,Tim Stanton,mariners

Manager - Analytics,Joel Firman,mariners

Coordinator - Special Projects International,Ted Heid,mariners

Coordinator - Dominican Republic,Eddy Toledo,mariners

Coordinator - Venezuela,Emilio Carrasquel,mariners

Coordinator - Advanced Scouting,Frankie Piliere,mariners

Coordinator - Scouting,Andrew Herrera,mariners

Coordinator - Baseball Operations,David Hesslink,mariners

Player Personnel Coordinator-Central,Jason Karegeannes,mariners

Player Personnel Coordinator-West,Brendan Domaracki,mariners

Administrator - Player Development,Jan Plein,mariners

Medical Director,E. Edward Khalfayan - M.D.,mariners

Team Physician,Timothy Johnson - M.D.,mariners

Senior Director of Athletic Training,Rick Griffin,mariners

Athletic Trainer,Rob Nodine,mariners

Physical Therapist,Ryan Bitzel,mariners

Assistant Strength and Conditioning Coach,Derek Cantieni,mariners

Athletic Trainer,Yoshihiro Nakazawa,mariners

Assistant Athletic Trainer - Rehab,Matt Toth,mariners

Major League Performance Specialist,James Clifford,mariners

Athletic Performance Data Analyst,Anthony Ortiz,mariners

Home Clubhouse Manager,Ryan Stiles,mariners

Assistant Clubhouse Manager,Billy Sepich,mariners

Assistant Clubhouse Manager,Pete Fortune,mariners

Video Coordinator - Major Leagues,Jimmy Hartley,mariners

Video Coordinator - Minor Leagues,Craig Manning,mariners

Batting Practice Pitcher,Nasusel Cabrera,mariners

Director - Baseball Analytics,Jesse Smith,mariners

Director - Major League Operations,Jack Mosimann,mariners

Player Personnel Manager,Emanuel Sifuentes,mariners

Baseball Analyst,John Choiniere,mariners

Baseball Analyst,Emily Curtis,mariners

Assistant - Advanced Scout,Skylar Shibayama,mariners

Analyst,Forest Diamond,mariners

Baseball Operations Analyst,Benjamin Aronow,mariners

phillies

Vice President & General Manager,Matt Klentak,phillies

Assistant General Manager,Bryan Minniti,phillies

Assistant General Manager,Scott Proefrock,phillies

Assistant General Manager,Ned Rice,phillies

Senior Advisor,Pat Gillick,phillies

Senior Advisor to the General Manager,Larry Bowa,phillies

Senior Advisor to the General Manager,Charlie Manuel,phillies

Special Assistant to the General Manager,Bart Braun,phillies

Special Assistant to the General Manager,Pete Mackanin,phillies

Special Assistant to the General Manager,Jorge Velandia,phillies

Mental Skills Coach,Geoff Miller,phillies

Major League Player Information Coordinator,Sam Fuld,phillies

Manager - Advance Scouting,Mike Calitri,phillies

Advance Scouting Coordinator,Josh Studnitzer,phillies

Manager - Player Procurement,Chris Cashman,phillies

Spanish Language Interpreter,Diego Ettedgui,phillies

Fellow - Baseball Operations,Frankie Scimeca,phillies

phillies

Director - Amateur Scouting,Johnny Almaraz,phillies

Director - Amateur Scouting Administration,Rob Holiday,phillies

Assistant Director - Amateur Scouting,Greg Schilz,phillies

Director - International Scouting,Sal Agostinelli,phillies

Director - Professional Scouting,Mike Ondo,phillies

phillies

Director - Player Development,Josh Bonifay,phillies

Director - Minor League Operations,Lee McDaniel,phillies

Special Assistant to Player Development,Steve Noworyta,phillies

Assistant Director - Minor League Operations/Florida,Joe Cynar,phillies

Assistant Director - International Operations,Ray Robles,phillies

Manager - Language Education and Cultural Assimilation,Kiah Villaman,phillies

Coordinator - Player Development,Dana Parks,phillies

Minor League Video Coordinator,Josh Lipman,phillies

Minor League Player Information Coordinator,Ben Werthan,phillies

Player Information Assistant,Ed Lucas,phillies

Player Information Assistant,Rob Segedin,phillies

Minor League Dietician,Ellen Rice,phillies

Mental Skills Coach,Hannah Huesman,phillies

Facility Operations Assistant - Carpenter Complex,Josh Glazman,phillies

Minor League Administrator,Edwin Soto,phillies

Minor League Equipment Assistant - Clearwater,Vincent Pezzino,phillies

Head Groundskeeper - Carpenter Complex,Ray Sayre,phillies

Assistant Head Groundskeeper - Carpenter Complex,Isaac McClain,phillies

phillies

Director - Baseball Research & Development,Andy Galdi,phillies

Principal Engineer - Baseball Research & Development,Zo Obradovic,phillies

Senior Quantitative Analyst - Baseball Research & Development,Alex Nakahara,phillies

Lead Software Engineer - Application Development,Spencer Bard,phillies

Lead Quantitative Analyst - Amateur Scouting,Lewis Pollis,phillies

Lead Software Engineer - Infrastructure,Natan Weinberger,phillies

Quantitative Analyst - Baseball Operations,Corinne Landrey,phillies

Quantitative Analyst,Patrick McFarlane,phillies

Quantitative Analyst,Mike Czahor,phillies

Quantitative Analyst,Kiri Oler,phillies

Quantitative Analyst,Hannah Gaudet,phillies

Quantitative Analyst,Ryan Plunkett,phillies

Software Engineer,Marcus Wyche,phillies

Software Engineer,Chris Schlitt,phillies

Software Engineer,Jonathan Chemburkar,phillies

phillies

Manager - Clubhouse Services,Phil Sheridan,phillies

Manager - Equipment & Umpire Services,Dan O'Rourke,phillies

Manager - Visiting Clubhouse,Kevin Steinhour,phillies

Home Clubhouse Assistant,Sean Bowers,phillies

Director - Video Coaching Services,Kevin Camiscioli,phillies

Coordinator - Video Coaching,Marc Sigismondo,phillies

Coordinator - Team Travel,Jameson Hall,phillies

Team Chef,Keith Rudolf,phillies

Sports Performance Nutritionist,Alexa Scully,phillies

phillies

Director - Medical Services,Dr. Michael Ciccotti,phillies

Head Team Physician,Dr. Steven Cohen,phillies

Team Physician,Dr. Marc Harwood,phillies

Team Physician,Dr. Robert Frederick,phillies

Team Physician,Dr. Jeremy Close,phillies

Team Physician,Dr. David Rubenstein,phillies

Head Athletic Trainer,Scott Sheridan,phillies

Assistant Athletic Trainer,Shawn Fcasni,phillies

Assistant Athletic Trainer,Chris Mudd,phillies

Major League Strength & Conditioning Coach,Paul Fournier,phillies

Assistant Major League Strength & Conditioning Coach,Dong Lien,phillies

Minor League Athletic Training & Rehabilitation Coordinator,Joe Rauch,phillies

Physical Therapist,Alex Plum,phillies

Minor League Strength and Conditioning Coordinator,Furey Leva,phillies

Employee Assistance Professional,Dickie Noles,phillies

braves

Vice President - Baseball Operations & Assistant General Manager,Perry Minasian,braves

Assistant General Manager - Research & Development,Jason Paré,braves

Assistant General Manager - Major League Operations,Alex Tamin,braves

Special Assistant to the General Manager,Bobby Cox,braves

Special Assistant to the General Manager,Mike Fast,braves

Director of Player Development,Dom Chiti,braves

Special Advisor to Player Development,Eddie Pérez,braves

Assistant Director - Pro Scouting,Jonathan Schuerholz,braves

Assistant Director - Minor League Operations,Ron Knight,braves

Assistant Director - Minor League Personnel,AJ Scola,braves

Director - Baseball Administration,Dixie Keller,braves

Special Assistant - Baseball Operations,Andruw Jones,braves

Special Assistant - Baseball Operations,Chipper Jones,braves

Special Assistant - Baseball Operations,Fred McGriff,braves

Special Assistant - Baseball Operations,Greg Walker,braves

Professional Scout,Billy Ryan,braves

Major League Scout,David Holliday,braves

Major League Scout,Matt Kinzer,braves

Major League Scout,Ron Marigny,braves

Major League Scout,Ted Simmons,braves

Major League Scout,Terry Tripp Sr.,braves

Major League Scout,Rick Williams,braves

Manager - Major League Operations,Noah Woodward,braves

Manager - Baseball Systems,Garrett Wilson,braves

Developer and Data Architect - Baseball Systems,Mike Copeland,braves

Data Scientist,Evan Tucker,braves

Analyst - Major League Operations,Caelan Collins,braves

Analyst - Major League Operations,Nick Coppola,braves

Analyst - Major League Operations,Kenny Dorian,braves

Analyst - Major League Operations,Adam Sonabend,braves

Analyst - Research & Development,Michael Lord,braves

Analyst - Research & Development,Josh Malek,braves

Analyst - Research & Development,Scott Rapponotti,braves

Analyst - Research & Development,Kyle Sargent,braves

Analyst - Research & Development ,Ronit Shah,braves

Analyst - Research & Development ,Kevin Song,braves

Coordinator - Major League Operations,Doug Wachter,braves

Coordinator - Scouting,Chris Lionetti,braves

Coordinator - Latin American Operations,Jonathan Cruz,braves

Assistant - Player Development,Dylan Quantz,braves

Manager - Family Relations,Rafael Becerra,braves

Assistant - Family Relations,Seth Heizer,braves

Trainee - Major League Operations,Tom O'Donnell,braves

Trainee - Player Development,Tucker Meredith,braves

Bill Lucas Apprentice,Jordan Jackson,braves

braves

Director - Equipment & Clubhouse Services,John Holland,braves

Director - Team Travel,Jim Lovell,braves

Manager - Visiting Clubhouse,Fred Stone,braves

Manager - Baseball Video Operations,Rob Smith,braves

Assistant Manager - Clubhouse,Eric Durban,braves

Assistant Manager - Clubhouse,Chris Hunter,braves

Advance Scout,Braden Schlehuber,braves

braves

Head Team Physician,Dr. Gary Lourie,braves

Director - Player Health/Head Athletic Trainer,George C. Poulis,braves

Senior Advisor - Athletic Training,Jeff Porter,braves

Major League Head Sports Performance,Brad Scott,braves

Performance Therapist,Jordan Wolf,braves

Assistant Athletic Trainer,Mike Frostad,braves

Physical Therapist,Pete Cicinelli,braves

Assistant - Physical Therapist,Nick Valencia,braves

Massage Therapist,Yoshi Nishio,braves

braves

Senior Director - Field Operations,Ed Mangan,braves

Field Manager,Anthony DeFeo,braves

Field Manager,Tyler Lenz,braves

Assistant - Grounds Crew,Mike Bradberry,braves

reds

Vice President & General Manager,Nick Krall,reds

Vice President - Assistant General Manager,Sam Grossman,reds

VP - Sr. Advisor to President of Baseball Ops.,Buddy Bell ,reds

Vice President - Player Personnel ,Chris Buckley,reds

Senior Director - Player Personnel ,Jeff Graupe,reds

Senior Advisor to Baseball Operations,Joe Morgan,reds

Coordinator of Baseball Operations,Mark Edwards,reds

Director of Sports Science Initiatives,Charles Leddon,reds

Manager of Baseball Systems Development,Brett Elkins,reds

Apps Development Specialist - Baseball Systems,Ryan Barger,reds

Baseball Systems Developer,Joe Delia,reds

Data Engineer - Baseball Systems,Bryce Dugar,reds

Manager of Baseball Analytics,Michael Schatz,reds

Data Scientist,Nick Wan,reds

Data Scientist,Kevin Corby,reds

Data Scientist,Stuart Wallace,reds

Major League Analyst,James Brand,reds

Player Development Analyst,Harris Kingsley,reds

Baseball Analytics Developer,Samantha Rack,reds

Coordinator - Baseball Analytics,Melissa Booker,reds

Manager of Advance Scouting,Bo Thompson,reds

Baseball Ops. Assistant & Spanish Translator,Julio Morillo,reds

reds

Director of Professional Scouting,Rob Coughlin,reds

Special Assistant to the GM - Player Personnel,Terry Reynolds,reds

Special Assistant to the GM - Player Personnel,Cam Bonifay,reds

Special Assistant to the General Manager,J Harrison,reds

Special Assistant to the General Manager,Marty Maier,reds

Special Assistant to the General Manager,John Morris,reds

Special Assistant to the General Manager,Jeff Schugel,reds

Professional Scout,Gary Glover ,reds

Professional Scout,Joe Jocketty,reds

Professional Scout,Bruce Manno,reds

Professional Scout,Mick Mattaliano,reds

Professional Scout,Jeff Morris,reds

Professional Scout,Steve Roadcap,reds

Manager - Pacific Rim Scouting,Rob Fidler,reds

Scout - Pacific Rim,Jamey Storvick,reds

reds

Director of Amateur Scouting ,Brad Meador ,reds

Director of International Scouting ,Trey Hendricks ,reds

Assistant Director of Amateur Scouting,Paul Pierson,reds

Assistant Director of Amateur Scouting,Joe Katuska,reds

Director of Latin American Scouting,Richard Jimenez,reds

Assistant Director of International Scouting,Greg McMillin,reds

reds

Vice President of Player Development,Shawn Pender ,reds

Senior Director of Player Development,Eric Lee,reds

Special Assistant - Player Performance,Eric Davis,reds

Special Assistant to Player Development,Bill Doran,reds

Special Assistant - Player Performance,Barry Larkin,reds

Special Assistant - Player Performance,Mario Soto,reds

Director of Minor League Athletic Training,Patrick Serbus,reds

Director of Minor League Physical Therapy,Brad Epstein,reds

Coordinator of Baseball Administration,Melissa Hill,reds

Coordinator of Player Development,Mark Heil,reds

Coordinator of Minor League Wellness,Becky Schnakenberg ,reds

Coordinator - Minor League Nutrition,Ashley Meuser ,reds

Medical Administrator,Erika Sperl,reds

Player Development Assistant, Charlie Rodriguez ,reds

Field Coordinator,Chris Tremie ,reds

Hitting Coordinator,Milt Thompson,reds

Pitching Coordinator,Tony Fossas,reds

Latin American Field Coordinator,Joel Noboa,reds

Roving Outfield/Baserunning Instructor,Billy Hatcher ,reds

Roving Catching Instructor,Corky Miller,reds

Mental Skills Coach,Frank Pfister,reds

pirates

Executive Vice President & General Manager,Neal Huntington,pirates

Vice President - Assistant General Manager,Kyle Stark,pirates

Assistant General Manager,Kevan Graves,pirates

Senior Director - Baseball Informatics,Dan Fox,pirates

Senior Advisor - Baseball Operations,Nick Leyva,pirates

Director - Personnel,Chris Johnson,pirates

Director - Baseball Operations,Will Lawton,pirates

Baseball Operations Assistant,Trey Rose,pirates

Senior Director - Amateur Scouting,Joe DelliCarri,pirates

Director - Pro Scouting,Steve Williams,pirates

Director - International Scouting,Junior Vizcaino,pirates

Assistant Director - Amateur Scouting,Mike Mangan,pirates

Coordinator - Amateur Scouting,Matt Skirving,pirates

Special Assistant to the General Manager,Ron Hopkins,pirates

Special Assistant to the General Manager,Sean McNally,pirates

Special Assistant to the General Manager,Jax Robertson,pirates

Special Assistant to the General Manager,Matt Ruebel,pirates

Special Assistant to the General Manager,Greg Smith,pirates

Special Assistant to the General Manager,Doug Strange,pirates

Special Assistant to the General Manager - Cultural Initiatives,Mike Gonzalez,pirates

Special Assistant - Baseball Operations,Jeff Banister,pirates

Special Assistant - Baseball Operations,Jamey Carroll,pirates

Special Assistant - Baseball Operations,David Eckstein,pirates

Special Assistant - Baseball Operations,Scott Elarton,pirates

Special Assistant - Baseball Operations,Grady Little,pirates

Special Assistant - Baseball Operations,Kevin Young,pirates

Major League Advance Scout,Mike Basso,pirates

Major League Scout,Ricky Bennett,pirates

Pro Scout,Carlos Berroa,pirates

Major League Advance Scout,Jim Dedrick,pirates

Pro Scout,Rodney Henderson,pirates

Pro Scout,Andrew Lorraine,pirates

Major League Scout,Bob Minor,pirates

Pro Scout,Alvin Rittman,pirates

Pro Scout,Everett Russell,pirates

Pro Scout,Gary Varsho,pirates

Scouting Assistant,John Birkbeck,pirates

Scouting Assistant,Matt Taylor,pirates

National Supervisor,Jack Bowen,pirates

National Supervisor,Jimmy Lester,pirates

Regional Supervisor,Jesse Flores,pirates

Regional Supervisor,Trevor Haley,pirates

Regional Supervisor,Sean Heffernan,pirates

Assistant Director - International Scouting,Max Kwan,pirates

Coordinator - International Scouting,Matt Benedict,pirates

Traveling Secretary,Greg Johnson,pirates

Developer - Baseball Informatics,Brian Hulick,pirates

Analyst - Baseball Informatics,Andrew Gibson,pirates

Data Architect - Baseball Informatics,Matt Reiersgaard,pirates

Quantitative Analyst,Joe Douglas,pirates

Quantitative Analyst,Justin Newman,pirates

Senior Director - Minor League Operations,Larry Broadway,pirates

Assistant Director - Minor League Operations,Brian Selman,pirates

Coordinator - Minor League Operations,TJ Large,pirates

Senior Field Coordinator,Brad Fischer,pirates

Assistant Field Coordinator,Bobby Scales,pirates

Senior Pitching Coordinator,Scott Mitchell,pirates

Infield Coordinator,Gary Green,pirates

Hitting Coordinator,Larry Sutton,pirates

Coordinator - Instruction/GCL Manager,Dave Turgeon,pirates

Latin American Field Coordinator,Mendy Lopez,pirates

Latin American Pitching Coordinator,Amaury Telemaco,pirates

Senior Advisor - Latin American Operations,Luis Silverio,pirates

Assistant Pitching Coordinator,Tom Filer,pirates

Senior Advisor - Player Development,Woody Huyke,pirates

Senior Advisor - Player Development,Mike Lum,pirates

Senior Advisor - Dominican Summer League,Cecilio Beltre,pirates

Director - Mental Strength,Bernie Holliday,pirates

Director - Cultural Initiatives,Hector Morales,pirates

Mental Strength Coordinator,Tyson Holt,pirates

Director - Sports Nutrition and Fueling,Allison Maurer,pirates

Sports Science Coordinator,Brendon Huttmann,pirates

Strength & Conditioning Coordinator,Joe Hughes,pirates

Senior Coordinator - Rehab & Athlete Development,A.J. Patrick,pirates

Medical Services Coordinator,Carl Randolph,pirates

Director - Sports Medicine,Todd Tomczyk,pirates

Head Major League Athletic Trainer,Bryan Housand,pirates

Assistant Major League Athletic Trainer,Ben Potenziano,pirates

Physical Therapist,Kevin "Otis" Fitzgerald,pirates

Physical Therapist,Seth Steinhauer,pirates

Strength Coach,Jim Malone,pirates

Home Clubhouse Manager,Scott Bonnett,pirates

Assistant Equipment Manager,Kiere Bulls,pirates

Visiting Clubhouse Manager,Kevin Conrad,pirates

Team Video Coordinator,Kevin V. Roach,pirates

Video Assistant,Brett Gilliland,pirates

Minor League Video Coordinator,Ryan Gaynor,pirates

Video Advance Scout,Joe Hultzen,pirates

Interpreter,Mark Kim,pirates

cardinals

President of Baseball Operations,John Mozeliak,cardinals

Vice President & General Manager,Mike Girsch,cardinals

Senior Executive Assistant to the President of Baseball Operations,Linda Brauer,cardinals

Assistant General Manager,Moises Rodriguez,cardinals

Assistant General Manager & Director of Scouting,Randy Flores,cardinals

Sr. Special Assistant to the GM,Bob Gebhard,cardinals

Special Assistant to the GM,Ryan Franklin,cardinals

Special Assistant to the GM,Matt Slater,cardinals

Director - Player Development,Gary LaRocque,cardinals

Director - Baseball Administration,John Vuch,cardinals

Director of Performance,Robert Butler,cardinals

Director - International Operations,Luis Morales,cardinals

Director - Baseball Development,Dane Sorensen,cardinals

Director - Baseball Analytics & Systems,Jeremy Cohen,cardinals

Director - Major League Administration,Judy Carpenter-Barada,cardinals

Manager - Player Communications,Melody Yount,cardinals

Manager - Professional Scouting,Jared Odom,cardinals

Manager - Scouting Analytics,Matthew Bayer,cardinals

Manager - Baseball Systems,Patrick Casanta,cardinals

Administrator Minor League Operations,Tony Ferreira,cardinals

Professional Scout,Chris Bourjos,cardinals

Professional Scout,Brian Hopkins,cardinals

Professional Scout,Jeff Ishii,cardinals

Professional Scout,Aaron Klinec,cardinals

Professional Scout,Deric McKamey,cardinals

Professional Scout,Ricky Meinhold,cardinals

Professional Scout,Craig Richmond,cardinals

Professional Scout,Joe Rigoli,cardinals

Professional Scout,Kerry Robinson,cardinals

Senior Developer,Brian Seyfert,cardinals

Analyst - Baseball Development,Javier Duren,cardinals

Analyst - Baseball Development,Kevin Seats,cardinals

Analyst - Baseball Development,Julia Prusaczyk,cardinals

Baseball Analyst,Garrett Greenwood,cardinals

Data Engineer,Isaiah Berg,cardinals

Amateur Scouting Coordinator/Analyst,Tyler Hadzinsky,cardinals

Coordinator - International Operations,Joseph Quezada,cardinals

Baseball Development Analyst - Player Development & Performance,Emily Wiebe,cardinals

dodgers

Senior Vice President - Baseball Operations,Josh Byrnes,dodgers

Vice President & Assistant General Manager,Brandon Gomes,dodgers

Vice President & Assistant General Manager,Jeffrey Kingston,dodgers

Vice President - Amateur & International Scouting,David Finley,dodgers

Vice President - International Scouting,Ismael Cruz,dodgers

Director - Player Personnel,Galen Carr,dodgers

Director - Amateur Scouting,Billy Gasparino,dodgers

Director of Specialized Performance Programs,Eric Potterat,dodgers

Director - Baseball Administration,Ellen Harrigan,dodgers

Director - Team Travel,Scott Akasaki,dodgers

Director - Baseball Development and Scouting,Alex Slater,dodgers

Director - Baseball Resources ,Duncan Webb,dodgers

Director - Quantitative Analysis,Scott Powers,dodgers

Director - Quantitative Research,Daniel Cervone,dodgers

Director - Player Development,William Rhymes,dodgers

Assistant Director - Minor League Operations,Matt McGrath,dodgers

Senior Advisor - Baseball Operations,Gerry Hunsicker,dodgers

Special Assistant to the GM,Pat Corrales,dodgers

Special Assistant to the General Manager,Raul Ibanez,dodgers

Special Assistant - Baseball Operations,Joel Peralta,dodgers

Scouting Supervisor - Latin America,Luis Marquez,dodgers

Special Assistant - Player Personnel,Jose Vizcaino,dodgers

Senior Scouting Advisor - Dominican Republic,Ralph Avila,dodgers

Manager - Research and Development,Megan Schroeder,dodgers

Manager - Baseball Systems,Brian McBurney,dodgers

Senior Developer II - Baseball Systems,Jonathan Funkhouser,dodgers

Technical Lead - Baseball Systems,John Focht,dodgers

Senior Analyst II - Performance Science,James Buffi,dodgers

Senior Analyst - Performance Science,David Hill,dodgers

Senior Analyst - Baseball Analytics,Philip Cho,dodgers

Coordinator - Strong Mind Program,A.J. Lalonde,dodgers

Minor League Medical Coordinator,Kevin Orloski,dodgers

Minor League Performance Coordinator,Brian Stoneberg,dodgers

Field Coordinator,Clayton McCullough,dodgers

Manager - Minor League Administration,Adriana Urzua,dodgers

Manager - Dodger Clubhouse,Alex Torres,dodgers

Manager - Visiting Clubhouse,Mitch Poole,dodgers

Manager - Umpires Clubhouse,Jerry Turner,dodgers

Clubhouse Assistant Manager,Jose Castillo,dodgers

Senior Data Engineer,Drew Troxell,dodgers

Developer - Baseball Systems,Kai-Tang Chang,dodgers

Coordinator - Baseball Analytics,Ben Zauzmer,dodgers

Senior Analyst - Performance Science,Emilee Fragapane,dodgers

Coordinator - Baseball Operations,Ethan Levitt,dodgers

Coordinator - Baseball Contracts & Finance,Albert Gilbert,dodgers

Coordinator - Professional Scouting,Lucas Geoghegan,dodgers

Senior Analyst - Performance Science,Jason Gilberg,dodgers

Senior Quantitative Analyst,Nicholas Kapur,dodgers

Senior Quantitative Analyst,Jacob Coleman ,dodgers

Quantitative Analyst,Yuji Akimoto,dodgers

Quantitative Analyst,Eric Weine,dodgers

Analyst - Baseball Operations,Michael Voltmer,dodgers

Analyst - Baseball Operations,Craig Weinhaus,dodgers

Developer - Baseball Systems,Ryan Casey,dodgers

Assistant Director - Amateur Scouting,Zachary Fitzpatrick,dodgers

Major League Video/Replay Coordinator,John Pratt,dodgers

Manager - International Scouting,Francisco J. Camps,dodgers

Video Coordinator,Chad Chop,dodgers

Major League Video/Replay Coordinator,Jonathan Rhymes,dodgers

Coordinator - Player Development,Andrew MacPhail,dodgers

Assistant - Player Development,Eric Jordan,dodgers

Assistant - Player Development,James Weilbrenner,dodgers

Coordinator - Performance Science,Joe Harrington,dodgers

Assistant - Baseball Operations,Jamie Short,dodgers

Interpreter,Bryan Lee,dodgers

Interpreter,Iwamoto Takuro,dodgers

dbacks

Jared Porter,Sr. Vice President & Assistant General Manager,dbacks

Amiel Sawdaye,Sr. Vice President & Assistant General Manager,dbacks

Mike Bell,Vice President - Player Development,dbacks

Junior Noboa,Vice President - Latin Operations,dbacks

Burke Badenhop,Special Assistant to the General Manager,dbacks

Craig Shipley,Special Assistant to the General Manager,dbacks

Sam Eaton,Director - Baseball Operations,dbacks

Mike Fitzgerald,Director - Research and Development,dbacks

Cesar Geronimo,Director - Latin America Scouting,dbacks

Mack Hayashi,Director - Pacific Rim Operations,dbacks

Deric Ladnier,Director - Amateur Scouting,dbacks

Jason Parks,Director - Professional Scouting,dbacks

Dan Haren,Pitching Strategist,dbacks

Josh Barfield,Assistant Director - Pro Scouting,dbacks

Peter Wardell,Assistant Director - International Scouting,dbacks

Shawn Marette,Sr. Manager - Player Development,dbacks

John Krazit,Baseball Systems - Lead Architect,dbacks

Thomas Johnson,Baseball Systems - Developer ,dbacks

Brandon Colton,Baseball Systems - Developer ,dbacks

Cory Hahn,Coordinator - Pro Scouting,dbacks

Charles Jauss,Coach - Mental Skills,dbacks

Zach Brandon,Coordinator - Mental Skills,dbacks

Kristyn Pierce,Coordinator - Amateur Scouting & Baseball Administration,dbacks

Ian Rebhan,Coordinator - Amateur Scouting,dbacks

Cody Callahan,Mathematical Modeler - Baseball Analytics,dbacks

Max Glick,Quantitative Researcher - Baseball Analytics,dbacks

Peter Bransfield,Assistant - Player Development,dbacks

Chris Slivka,Assistant - Baseball Operations,dbacks

Max Phillips,Analyst - Baseball Operations and Research & Development,dbacks

Ross Seaton,Analyst - Pitching,dbacks

Alex Lorenzo,Diversity Pipeline Fellow,dbacks

Jim Marshall,Senior Advisor - Pacific Rim Operations,dbacks

Bill Bryk,Major League Scout,dbacks

Bill "Chief" Gayton,Major League Scout,dbacks

Todd Greene,Special Assignment Scout,dbacks

Alexander Jacobs,Special Assignment Scout,dbacks

Mike Piatnik,Major League Scout,dbacks

Mark Snipp,Special Assignment Scout,dbacks

Tim Wilken,Special Assignment Scout,dbacks

Daniel Haas,Special Assignment Scout,dbacks

Tucker Blair ,Pro Scout,dbacks

Mike Brown ,Pro Scout,dbacks

Chris Carminucci,Pro Scout/Independent League Scouting Coordinator,dbacks

Jeff Gardner,Major League Advance Scout,dbacks

Jack Goin,Pro Scout,dbacks

Drew Hedman,Pro Scout,dbacks

Bradley Kelley,Pro Scout,dbacks

Rob Leary,Pro Scout,dbacks

T.R. Lewis ,Pro Scout,dbacks

Matthew Mercurio ,Pro Scout ,dbacks

Daniel Ramsay ,Pro Scout ,dbacks

Tom Romenesko,Pro Scout,dbacks

Scipio Spinks,Pro Scout,dbacks

Brett West,Pro Scout,dbacks

Matthew Hahn,Pro Scout,dbacks

Jacob Frisaro,Pro Scout ,dbacks

Gaby Hernandez,Scout Ahead Professional Scout,dbacks

Steve Connelly,Amateur Scouting Supervisor - East Coast,dbacks

Clark Crist,National Scouting Supervisor,dbacks

Frank Damas ,Amateur Scouting Supervisor - Southeast,dbacks

Greg Lonigro ,National Scouting Supervisor,dbacks

Steve McAllister,Amateur Scouting Supervisor - Midwest,dbacks

James Merriweather III ,National Scouting Supervisor,dbacks

Jeff Mousser,National Pitching Supervisor,dbacks

Doyle Wilson,Amateur Scouting Supervisor - West Coast,dbacks

Hudson Belinsky ,Amateur Scout,dbacks

Nate Birtwell,Amateur Scout,dbacks

Eric Cruz,Amateur Scout,dbacks

Orsino Hill,Amateur Scout,dbacks

Kerry Jenkins,Amateur Scout,dbacks

Jeremy Kehrt,Amateur Scout,dbacks

Hal Kurtzman,Amateur Scout - Part-Time Scout,dbacks

Jeremiah Luster,Amateur Scout,dbacks

Doug Mathieson,Amateur Scout - Part-Time Scout,dbacks

Rick Matsko,Amateur Scout,dbacks

Homer Newlin,Amateur Scout - Part-Time Scout,dbacks

Jerry Nyman,Amateur Scout - Part-Time Scout,dbacks

Rusty Pendergrass,Amateur Scout,dbacks

Donnie Reynolds,Amateur Scout,dbacks

Mark Ross,Amateur Scout,dbacks

J.R. Salinas,Amateur Scout,dbacks

Dennis Sheehan,Amateur Scout,dbacks

George Swain ,Amateur Scout,dbacks

Garry Templeton II,Amateur Scout,dbacks

Jake Williams,Amateur Scout,dbacks

Luke Wrenn,Amateur Scout,dbacks

Gil Kubski ,Amateur Scout,dbacks

Mike Meyer,Amateur Scout ,dbacks

Rex Gonzalez,Scout Team Manager,dbacks

Luis Báez,Crosschecker - Latin America,dbacks

Francisco Cartaya,Crosschecker - Latin America,dbacks

Miguel Cadahia,Crosschecker - International,dbacks

Antonio "Tony" Caballero,Scouting Supervisor - Venezuela,dbacks

Omar Rogers,Scouting Coordinator - Dominican Republic,dbacks

Diego Bordas ,International Scout - Dominican Republic,dbacks

Rafael Mateo,International Scout - Dominican Republic,dbacks

José Ortiz ,International Scout - Dominican Republic,dbacks

Ronald Rivas,International Scout - Dominican Republic,dbacks

Grégory Blanco,International Scout - Venezuela,dbacks

Dídimo Bracho Jr.,International Scout - Venezuela,dbacks

David Chicarelli,International Scout - Venezuela,dbacks

Alfonso Mora,International Scout - Venezuela,dbacks

Kristians Pereira,International Scout - Venezuela,dbacks

Ray Padilla,International Scout - Mexico,dbacks

Luis González Arteaga,International Scout - Colombia,dbacks

José Díaz Pérez,International Scout - Panama,dbacks

Julio Sánchez ,International Scout - Nicaragua,dbacks

Bradley Stuart,International Scout - Curacao,dbacks

Kyle Lee,International Scout - Korea,dbacks

Tzu-Yao Wei,International Scout - Taiwan,dbacks

Andy Kyle,International Scout - Australia,dbacks

Mark Shipley,International Scout - Australia,dbacks

Gil Velázquez,Minor League Infield Coordinator,dbacks

Dan Carlson ,Minor League Pitching Coordinator,dbacks

Wellington Cepeda,Minor League Short-Season Pitching Coordinator,dbacks

Chris Cron,Minor League Hitting Coordinator,dbacks

Orlando Hudson,Minor League Player Development Assistant,dbacks

Daniel Bard,Minor League Player Mentor,dbacks

Kyle Torgerson,Minor League Medical Coordinator,dbacks

Ryne Eubanks,Minor League Assistant Medical Coordinator,dbacks

Max Esposito,Minor League Physical Therapist,dbacks

Jon Herzner,Minor League Medical Administrator,dbacks

Vaughn Robinson,Minor League Strength & Conditioning Coordinator,dbacks

Brad Arnsberg,Minor League Rehabilitation Pitching Coordinator,dbacks

Ben Petrick,Hillsboro Consultant,dbacks

Bob Bensinger,Minor League Complex Coordinator,dbacks

James Cameron,Minor League Clubhouse Assistant,dbacks

Mike Young,Minor League Clubhouse Assistant,dbacks

Cory Swope,Minor League Baseball Operations Video Coordinator,dbacks

Jason Gallagher,Minor League Asst. Video Coordinator,dbacks

Keijiro Kitashiro,Minor League Interpreters,dbacks

Daniel Chu,Minor League Interpreters,dbacks

Paul Porter,Trainer - Triple-A Reno,dbacks

Steven Candelaria,Strength & Conditioning Coach - Triple-A Reno,dbacks

Joe Rosauer,Trainer - Double-A Jackson,dbacks

Mike Locasto,Strength & Conditioning Coach - Double-A Jackson,dbacks

Chris Schepel,Trainer - Single-A Advanced Visalia,dbacks

Derek Somerville,Strength & Conditioning Coach - Single-A Advanced Visalia,dbacks

Kelly Boyce,Trainer - Single-A Kane County,dbacks

Tim Queck,Strength & Conditioning Coach - Single-A Kane County,dbacks

Michael Powell,Trainer - Short-Season A Hillsboro,dbacks

Derek Clovis,Strength & Conditioning Coach - Short-Season A Hillsboro,dbacks

Damon Reel,Trainer - Rookie-Advanced Missoula,dbacks

Nathan Friedman,Strength & Conditioning Coach - Rookie-Advanced Missoula,dbacks

Logan Jones,Strength & Conditioning Coach - Rookie-Level AZL D-backs,dbacks

Greg Gross,Manager - Triple-A Reno,dbacks

Gil Heredia,Pitching Coach - Triple-A Reno,dbacks

Jason Camilli,Hitting Coach - Triple-A Reno,dbacks

Shelley Duncan,Manager - Double-A Jackson,dbacks

Doug Drabek,Pitching Coach - Double-A Jackson,dbacks

Vince Harrison,Hitting Coach - Double-A Jackson,dbacks

Javier Colina,Coach - Double-A Jackson,dbacks

Joe Mather,Manager - Single-A Advanced Visalia,dbacks

Jeff Bajenaru,Pitching Coach - Single-A Advanced Visalia,dbacks

Franklin Stubbs,Hitting Coach - Single-A Advanced Visalia,dbacks

Travis Denker,Coach - Single-A Advanced Visalia,dbacks

Blake Lalli,Manager - Single-A Kane County,dbacks

Rich Sauveur,Pitching Coach - Single-A Kane County,dbacks

Rick Short,Hitting Coach - Single-A Kane County,dbacks

Jorge Cortés,Coach - Single-A Kane County,dbacks

Shawn Roof,Manager - Short-Season A Hillsboro,dbacks

Mike Parrott,Pitching Coach - Short-Season A Hillsboro,dbacks

Micah Franklin,Hitting Coach - Short-Season A Hillsboro,dbacks

Carlos Mesa,Coach - Short-Season A Hillsboro,dbacks

Mike Benjamin,Manager - Rookie-Advanced Missoula,dbacks

Shane Loux,Pitching Coach - Rookie-Advanced Missoula,dbacks

José Amado,Hitting Coach - Rookie-Advanced Missoula,dbacks

Darrin Gardner,Manager - Rookie-Level AZL D-backs,dbacks

Manny García,Pitching Coach - Rookie-Level AZL D-backs,dbacks

Jonny Gomes,Hitting Coach - Rookie-Level AZL D-backs,dbacks

Hatuey Mendoza,Coach - Rookie-Level AZL D-backs,dbacks

Rolando Arnedo,DSL Coordinator,dbacks

Juan Francia,Manager - Infield Coach - DSL D-backs,dbacks

Wil Tejada,Scouting/Player Development - DSL D-backs,dbacks

Rafael Ozuna,Manager - DSL D-backs,dbacks

José Tapia,Pitching Coach - DSL D-backs,dbacks

Alvin Alcántara,Pitching Coach - DSL D-backs,dbacks

Juan Ballara,Hitting/Catching Coach - DSL D-backs,dbacks

Izzy Alcántara,Hitting Coach - DSL D-backs,dbacks

Ronald Ramirez,Infield Coach - DSL D-backs,dbacks

Gregorio Ramírez,Outfield - Baserunning & Hitting Coach - DSL D-backs,dbacks

Spencer Ryan,Latin America Medical Coordinator,dbacks

Carlos Perez,Trainer - DSL D-backs,dbacks

Adam Brewer,Trainer - DSL D-backs,dbacks

Mario del Rosario,Assistant Trainer - DSL D-backs,dbacks

Edgar Soto,Strength & Conditioning Coach - DSL D-backs,dbacks

Santos Henríquez,Assistant Strength & Conditioning Coach - DSL D-backs,dbacks

José Ángel Díaz,Administrator & Video Assistant - DSL D-backs,dbacks

Mariana Patraca,Assistant - Latin Operations - DSL D-backs,dbacks

Marcos Rosa,Academic Administrator - DSL D-backs,dbacks

padres

Vice President - Assistant General Manager,Fred Uhlman - Jr.,padres

Senior Advisor/Director of Player Personnel,Logan White,padres

Assistant General Manager,Josh Stein,padres

Special Assistant to the General Manager,James Keller,padres

Special Assistant to the General Manager,Andrew Ellis,padres

Advisor to Baseball Operations,Allen Craig,padres

Scouting Crosschecker - Advisor to Baseball Operations,Luke Murton,padres

Director - Baseball Operations,Nick Ennis,padres

Director - Baseball Information Services,Matt Klotsche,padres

Director - Player & Staff Services,TJ Lasita,padres

Director - Player Heath and Performance,Don Tricker,padres

Director - Baseball Systems,Wells Oliver,padres

Developer - Baseball Systems,Garret Doe,padres

Director - Baseball Research & Development,Adam Esquer,padres

Manager - Baseball Research & Development,Tristan Sandler,padres

Senior Analyst,Dave Cameron,padres

Analyst - Baseball Research & Development,Nathan Landau,padres

Analyst - Baseball Research & Development,Cody Zupnick,padres

Assistant Director - Baseball Operations,David Longley,padres

Manager - Baseball Administration and Special Assistant to the General Manager,Michaelene Courtis,padres

Baseball Operations Fellow,Samantha Schultz,padres

Coordinator - Player Development and Research & Development,Rohanna Pacheco,padres

Coordinator - Baseball Operations,Brett Becker,padres

Coordinator - Video Scouting & Baseball Operations,Max Kraust,padres

padres

Head Athletic Trainer,Mark Rogow,padres

Major League - Assistant Athletic Trainer,Kevin Pillifant,padres

Major League - Assistant Athletic Trainer,Michael Salazar,padres

Physical Therapist,Scott Hacker,padres

Massage Therapist,Atsushi Nakasone,padres

padres

Senior Director - Player Development,Sam Geaney,padres

Director - Player Development,Ben Sestanovich,padres

Coordinator - Video Scouting & Player Development Video Operations,Ethan Dixon,padres

Coordinator - English Instruction,Kaitlyn Teske,padres

padres

Director - Amateur Scouting,Mark Conner,padres

Director - International Scouting,Chris Kemp,padres

Director - Pacific Rim Operations,Acey Kohrogi,padres

Director - Professional Scouting,Pete DeYoung,padres

Special Assistant - Player Development,Skip Schumaker,padres

Special Assistant - Player Development,Steve Finley,padres

Special Assistant - Scouting,David Post,padres

Special Assignment Advisor - Scouting & Player Development,Steve Lyons,padres

Manager - ML Advance Scouting & Video Operations,Patrick Coghlan,padres

Manager - Amateur Scouting,Sam Ray,padres

Coordinator - Amateur Scouting & Baseball Operations,Layne Gross,padres

padres

Manager - Clubhouse & Equipment,Spencer Dallin,padres

Assistant Equipment Manager & Umpire Room Attendant,Tony Petricca,padres

Manager - Visitors Clubhouse,TJ Laidlaw,padres

Manager - Peoria Clubhouse,Zach Nelson,padres

Manager - Peoria Operations & Spring Training,Todd Stephenson,padres

Coordinator - Major League Nutrition Services,Jason Cook,padres

Clubhouse Assistant - Home,James Bigler,padres

Clubhouse Assistant - Home,Josh Vernetti,padres

Clubhouse Assistant - Peoria,Kyle Ross,padres

giants

President - Baseball Operations,Farhan Zaidi,giants

Senior Advisor to the President of Baseball Operations,J.P. Ricciardi,giants

Senior Advisor to the President of Baseball Operations,Dick Tidrow,giants

Senior Advisor to the President of Baseball Operations,John Barr,giants

Vice President and Assistant General Manager,Jeremy Shelley,giants

Vice President of Baseball Operations,Yeshayah Goldfarb,giants

Director of Pro Scouting,Zack Minasian,giants

Director of Amateur Scouting,Michael Holmes,giants

Director of International Scouting,Joe Salermo,giants

Special Assistant - Scouting,Craig Weissmann,giants

Director of Player Development,Kyle Haines,giants

Special Assistant to Baseball Operations,Felipe Alou,giants

Special Assistant to Baseball Operations,Dave Righetti,giants

Executive Assistant - Baseball Operations & Administration,Karen Sweeney,giants

Director of Baseball Analytics,Paul Bien,giants

Director of Player Personnel Administration,Clara Ho-Frawley,giants

Director of Employee Assistance Program & Organizational Health,Michael Mombrea,giants

Director of Mental Skills,Derin McMains,giants

Senior Director of Application Development,Dan Quill,giants

Assistant Director of Amateur & Pro Scouting,Adam Nieting,giants

Assistant Director of Player Development Administration,Eric Flemming,giants

Manager of Arizona Baseball Operations,Gabe Alvarez,giants

Manager of International Operations,Jose Bonilla,giants

Manager of Baseball Video Systems,Yo Miyamoto,giants

Senior Baseball Operations Analyst,Michael Gries,giants

Baseball Operations Analyst,Michael Schwartze,giants

Baseball Operations Analyst,Brian Huey,giants

Baseball Operations Analyst,Jack McGeary,giants

Database Developer - Baseball Systems,Caleb Whang,giants

Application Developer,David Fujito,giants

Application Developer Specialist - Baseball Systems,Clark Downer,giants

Application Developer Specialist - Baseball Systems,Alex Case,giants

Coordinator of Education & Cultural Development,Laura Núñez,giants

Coordinator of Organizational Travel,Michael Scardino,giants

Senior Advisor to Baseball Operations,Tony Siegle,giants

Coordinator of Baseball Video Systems,Patrick Yount,giants

Assistant - Baseball Operations,Michael Navolio,giants

Dominican Republic Facilities Manager,Francis Mieses,giants

International Baseball Operations Administrator,Joan Cuevas,giants

giants

Manager,Bruce Bochy,giants

Bench Coach,Hensley Meulens,giants

Pitching Coach,Curt Young,giants

Hitting Coach,Alonzo Powell,giants

Third Base Coach,Ron Wotus,giants

First Base Coach,Jose Alguacil,giants

Bullpen Coach,Matt Herges,giants

Assistant Hitting Coach,Rick Schu,giants

Asst. Coach & Vid. Replay Analyst,Shawon Dunston,giants

Bullper Catcher,Brant Whiting,giants

Batting Practice Pitcher,John Yandle,giants

giants

Senior Director of Athletic Training,Dave Groeschner,giants

Head Team Physician,Dr. Anthony Saglimbeni,giants

Team Physician,Dr. Chris Chung,giants

Head Team Orthopedist,Dr. Ken Akizuki,giants

Team Orthopedist,Dr. Tim McAdams,giants

Head Athletic Trainer,Anthony Reyes,giants

Assistant Athletic Trainer,Eric Ortega,giants

Physical Therapist,Tony Reale,giants

Strength & Conditioning Coach,Brad Lawson,giants

Massage Therapist,Haro Ogawa,giants

Coordinator of Medical Admin,Chrissy Yuen,giants

Medical Consultant - Podiatry,Larry Oloff - D.P.M.,giants

Medical Consultant - Ophthalmology,Daniel Goodman - M.D.,giants

Medical Consultant - Chiropractor,Michael Gazdar - D.C.,giants

Medical Consultant - Dermatology,Dan Wall - M.D.,giants

Medical Consultant - Hand Surgeon,Scott Hansen - M.D.,giants

Medical Consultant - Dentist,Sam Thatcher - D.D.S.,giants

Medical Consultant - Internal Medicine,Erik Dean - D.O.,giants

Medical Consultant - Orthopedist,Michael Lee. M.D.,giants

giants

Senior Director of Team Travel & Clubhouse Operations,Bret Alexander,giants

Alan Lee,giants

Senior Advisor - Home Clubhouse,Miguel Murphy,giants

Home Clubhouse Coordinator/Equipment Supervisor,Brad Grems,giants

Team Travel & Clubhouse Operations Assistant,James Uroz,giants

Home Clubhouse Chef,Matthew Shepard,giants

Umpire Room Services/Clubhouse Assistant,Brandon Evans,giants

Visiting Clubhouse Manager,Abe Silvestri,giants

Visiting Clubhouse Assistant,Gavin Cuddie,giants

Visiting Clubhouse Assistant,Mark Sagrafena,giants

Visiting Clubhouse Assistant,Nathan Alleyne,giants

